USE shopping_mall;
SET FOREIGN_KEY_CHECKS = 0;
SET NAMES utf8mb4;

TRUNCATE TABLE tb_review;
TRUNCATE TABLE tb_upload_file;
TRUNCATE TABLE tb_user_coupon;
TRUNCATE TABLE tb_order_item;
TRUNCATE TABLE tb_order;
TRUNCATE TABLE tb_cart;
TRUNCATE TABLE tb_coupon;
TRUNCATE TABLE notifications;
TRUNCATE TABLE notification_settings;
TRUNCATE TABLE privacy_settings;
TRUNCATE TABLE security_settings;
TRUNCATE TABLE addresses;
TRUNCATE TABLE tb_product;
TRUNCATE TABLE tb_category;
TRUNCATE TABLE tb_user;

SET FOREIGN_KEY_CHECKS = 1;

-- 用户表 20个
INSERT INTO tb_user (id, username, password, email, phone, nickname, bio, points, status, created_time, updated_time) VALUES
(1, 'admin', '$2a$10$rDkPvvAFV8kqwvKJzwlCv.', 'admin@menggo.com', '13800000001', '管理员', '系统管理员', 99999, 1, NOW(), NOW()),
(2, 'zhangsan', '$2a$10$rDkPvvAFV8kqwvKJzwlCv.', 'zhangsan@qq.com', '13812345678', '张三', '热爱购物', 2580, 1, NOW(), NOW()),
(3, 'lisi', '$2a$10$rDkPvvAFV8kqwvKJzwlCv.', 'lisi@163.com', '13987654321', '李四', '数码爱好者', 1890, 1, NOW(), NOW()),
(4, 'wangwu', '$2a$10$rDkPvvAFV8kqwvKJzwlCv.', 'wangwu@gmail.com', '13666666666', '王五', '时尚达人', 3200, 1, NOW(), NOW()),
(5, 'zhaoliu', '$2a$10$rDkPvvAFV8kqwvKJzwlCv.', 'zhaoliu@126.com', '13555555555', '赵六', '美食爱好者', 1560, 1, NOW(), NOW()),
(6, 'sunqi', '$2a$10$rDkPvvAFV8kqwvKJzwlCv.', 'sunqi@sina.com', '13444444444', '孙七', '运动达人', 980, 1, NOW(), NOW()),
(7, 'zhouba', '$2a$10$rDkPvvAFV8kqwvKJzwlCv.', 'zhouba@qq.com', '13333333333', '周八', '家居爱好者', 2100, 1, NOW(), NOW()),
(8, 'wujiu', '$2a$10$rDkPvvAFV8kqwvKJzwlCv.', 'wujiu@163.com', '13222222222', '吴九', '图书收藏家', 1750, 1, NOW(), NOW()),
(9, 'zhengshi', '$2a$10$rDkPvvAFV8kqwvKJzwlCv.', 'zhengshi@gmail.com', '13111111111', '郑十', '护肤达人', 2890, 1, NOW(), NOW()),
(10, 'xiaoming', '$2a$10$rDkPvvAFV8kqwvKJzwlCv.', 'xiaoming@qq.com', '15012345678', '小明', '学生党', 680, 1, NOW(), NOW()),
(11, 'xiaohong', '$2a$10$rDkPvvAFV8kqwvKJzwlCv.', 'xiaohong@163.com', '15112345678', '小红', '白领丽人', 1420, 1, NOW(), NOW()),
(12, 'daming', '$2a$10$rDkPvvAFV8kqwvKJzwlCv.', 'daming@126.com', '15212345678', '大明', '程序员', 3560, 1, NOW(), NOW()),
(13, 'xiaoli', '$2a$10$rDkPvvAFV8kqwvKJzwlCv.', 'xiaoli@sina.com', '15312345678', '小丽', '全职妈妈', 890, 1, NOW(), NOW()),
(14, 'laowang', '$2a$10$rDkPvvAFV8kqwvKJzwlCv.', 'laowang@qq.com', '15412345678', '老王', '退休教师', 2340, 1, NOW(), NOW()),
(15, 'xiaozhang', '$2a$10$rDkPvvAFV8kqwvKJzwlCv.', 'xiaozhang@163.com', '15512345678', '小张', '自由职业', 1680, 1, NOW(), NOW()),
(16, 'chenchen', '$2a$10$rDkPvvAFV8kqwvKJzwlCv.', 'chenchen@gmail.com', '15612345678', '晨晨', '大学生', 520, 1, NOW(), NOW()),
(17, 'linlin', '$2a$10$rDkPvvAFV8kqwvKJzwlCv.', 'linlin@126.com', '15712345678', '琳琳', '设计师', 1950, 1, NOW(), NOW()),
(18, 'yangyang', '$2a$10$rDkPvvAFV8kqwvKJzwlCv.', 'yangyang@sina.com', '15812345678', '洋洋', '销售经理', 2780, 1, NOW(), NOW()),
(19, 'huihui', '$2a$10$rDkPvvAFV8kqwvKJzwlCv.', 'huihui@qq.com', '15912345678', '慧慧', '医生', 1230, 1, NOW(), NOW()),
(20, 'mingming', '$2a$10$rDkPvvAFV8kqwvKJzwlCv.', 'mingming@163.com', '13012345678', '明明', '工程师', 3100, 1, NOW(), NOW());

-- 分类表 12个
INSERT INTO tb_category (id, name, description, parent_id, sort_order, status, created_time, updated_time) VALUES
(1, '手机数码', '手机平板数码产品', 0, 1, 1, NOW(), NOW()),
(2, '电脑办公', '笔记本台式机办公设备', 0, 2, 1, NOW(), NOW()),
(3, '家用电器', '冰箱洗衣机空调', 0, 3, 1, NOW(), NOW()),
(4, '服装鞋帽', '时尚服装鞋帽配饰', 0, 4, 1, NOW(), NOW()),
(5, '美妆护肤', '化妆品护肤品', 0, 5, 1, NOW(), NOW()),
(6, '食品饮料', '零食饮料生鲜', 0, 6, 1, NOW(), NOW()),
(7, '图书文具', '图书文具用品', 0, 7, 1, NOW(), NOW()),
(8, '运动户外', '运动装备户外用品', 0, 8, 1, NOW(), NOW()),
(9, '母婴用品', '婴儿孕妇用品', 0, 9, 1, NOW(), NOW()),
(10, '家居生活', '家具家纺生活用品', 0, 10, 1, NOW(), NOW()),
(11, '珠宝首饰', '黄金钻石银饰', 0, 11, 1, NOW(), NOW()),
(12, '汽车用品', '车载电器汽车装饰', 0, 12, 1, NOW(), NOW());


-- 商品表 50个
INSERT INTO tb_product (id, name, description, category_id, price, original_price, stock, sales, status, main_image, audit_status, created_time, updated_time) VALUES
(1, 'iPhone 15 Pro Max 256GB', '苹果旗舰A17 Pro芯片钛金属机身', 1, 9999.00, 10999.00, 100, 1256, 1, '/products/iphone15.jpg', 1, NOW(), NOW()),
(2, '华为Mate 60 Pro', '麒麟9000S芯片支持卫星通话', 1, 6999.00, 7499.00, 80, 2189, 1, '/products/mate60.jpg', 1, NOW(), NOW()),
(3, '小米14 Ultra', '徕卡光学镜头骁龙8 Gen3', 1, 5999.00, 6299.00, 120, 1812, 1, '/products/mi14.jpg', 1, NOW(), NOW()),
(4, 'OPPO Find X7 Ultra', '哈苏影像双潜望长焦', 1, 5999.00, 6499.00, 90, 876, 1, '/products/oppo.jpg', 1, NOW(), NOW()),
(5, 'vivo X100 Pro', '蔡司光学镜头天玑9300', 1, 4999.00, 5499.00, 110, 1345, 1, '/products/vivo.jpg', 1, NOW(), NOW()),
(6, '三星Galaxy S24 Ultra', '钛金属边框2亿像素AI功能', 1, 9699.00, 10199.00, 60, 567, 1, '/products/samsung.jpg', 1, NOW(), NOW()),
(7, 'iPad Pro 12.9英寸 M4', 'M4芯片超薄OLED屏幕', 1, 9299.00, 9999.00, 50, 423, 1, '/products/ipadpro.jpg', 1, NOW(), NOW()),
(8, 'AirPods Pro 2', '主动降噪自适应音频', 1, 1899.00, 1999.00, 200, 3456, 1, '/products/airpods.jpg', 1, NOW(), NOW()),
(9, 'MacBook Pro 14英寸 M3 Pro', 'M3 Pro芯片18GB+512GB', 2, 14999.00, 15999.00, 50, 687, 1, '/products/macbook.jpg', 1, NOW(), NOW()),
(10, '联想ThinkPad X1 Carbon', '商务轻薄本14英寸2.8K屏', 2, 9999.00, 11999.00, 40, 345, 1, '/products/thinkpad.jpg', 1, NOW(), NOW()),
(11, '华为MateBook X Pro', '14.2英寸触控屏酷睿Ultra 9', 2, 12999.00, 13999.00, 35, 234, 1, '/products/matebook.jpg', 1, NOW(), NOW()),
(12, '戴尔XPS 15', '15.6英寸OLED屏RTX4070', 2, 15999.00, 17999.00, 25, 156, 1, '/products/xps.jpg', 1, NOW(), NOW()),
(13, '罗技MX Master 3S', '无线办公鼠标静音点击', 2, 799.00, 899.00, 300, 2345, 1, '/products/mouse.jpg', 1, NOW(), NOW()),
(14, '机械革命蛟龙16 Pro', '游戏本R9-7945HX RTX4060', 2, 7999.00, 8999.00, 60, 567, 1, '/products/jixie.jpg', 1, NOW(), NOW()),
(15, '海尔470升十字对开门冰箱', '一级能效风冷无霜智能变频', 3, 4599.00, 5299.00, 40, 856, 1, '/products/haier.jpg', 1, NOW(), NOW()),
(16, '美的1.5匹变频空调', '一级能效智能WiFi控制', 3, 2999.00, 3499.00, 80, 1423, 1, '/products/midea.jpg', 1, NOW(), NOW()),
(17, '西门子10公斤滚筒洗衣机', '智能投放蒸汽除菌', 3, 4299.00, 4999.00, 50, 678, 1, '/products/siemens.jpg', 1, NOW(), NOW()),
(18, '戴森V15吸尘器', '无线手持激光探测灰尘', 3, 4990.00, 5490.00, 70, 934, 1, '/products/dyson.jpg', 1, NOW(), NOW()),
(19, '小米电视75英寸', '4K超高清120Hz高刷', 3, 3999.00, 4499.00, 45, 567, 1, '/products/mitv.jpg', 1, NOW(), NOW()),
(20, '格力3匹立式空调', '一级能效智能语音控制', 3, 7999.00, 8999.00, 30, 234, 1, '/products/gree.jpg', 1, NOW(), NOW()),
(21, '耐克Air Max 270运动鞋', '经典气垫跑鞋透气网面', 4, 899.00, 1199.00, 200, 2567, 1, '/products/nike.jpg', 1, NOW(), NOW()),
(22, '阿迪达斯Ultraboost跑鞋', 'Boost中底Primeknit鞋面', 4, 1299.00, 1499.00, 150, 1234, 1, '/products/adidas.jpg', 1, NOW(), NOW()),
(23, '优衣库轻薄羽绒服', '90%白鸭绒轻便保暖', 4, 499.00, 599.00, 300, 3456, 1, '/products/uniqlo.jpg', 1, NOW(), NOW()),
(24, 'Levis 501经典牛仔裤', '经典直筒版型原色丹宁', 4, 699.00, 899.00, 180, 1567, 1, '/products/levis.jpg', 1, NOW(), NOW()),
(25, '波司登极寒羽绒服', '鹅绒填充防风防水', 4, 1999.00, 2499.00, 100, 876, 1, '/products/bosideng.jpg', 1, NOW(), NOW()),
(26, 'New Balance 574复古跑鞋', '经典复古款麂皮拼接', 4, 769.00, 899.00, 220, 1890, 1, '/products/nb.jpg', 1, NOW(), NOW()),
(27, 'SK-II神仙水230ml', '护肤精华露改善肤质', 5, 1590.00, 1790.00, 100, 2134, 1, '/products/skii.jpg', 1, NOW(), NOW()),
(28, '兰蔻小黑瓶精华50ml', '肌底精华修护肌肤', 5, 1080.00, 1280.00, 120, 1876, 1, '/products/lancome.jpg', 1, NOW(), NOW()),
(29, '雅诗兰黛小棕瓶眼霜15ml', '眼部精华淡化黑眼圈', 5, 590.00, 690.00, 150, 2345, 1, '/products/estee.jpg', 1, NOW(), NOW()),
(30, '资生堂红腰子精华75ml', '肌底精华强韧肌肤', 5, 890.00, 990.00, 80, 1234, 1, '/products/shiseido.jpg', 1, NOW(), NOW()),
(31, 'YSL小金条口红', '丝绒哑光显色持久', 5, 320.00, 380.00, 500, 4567, 1, '/products/ysl.jpg', 1, NOW(), NOW()),
(32, '迪奥烈艳蓝金唇膏', '滋润显色经典色号', 5, 350.00, 420.00, 400, 3890, 1, '/products/dior.jpg', 1, NOW(), NOW()),
(33, '三只松鼠坚果大礼包', '混合坚果1500g健康零食', 6, 168.00, 218.00, 500, 5634, 1, '/products/nuts.jpg', 1, NOW(), NOW()),
(34, '良品铺子零食大礼包', '休闲零食组合1000g', 6, 128.00, 168.00, 400, 4123, 1, '/products/liangpin.jpg', 1, NOW(), NOW()),
(35, '农夫山泉矿泉水整箱', '天然矿泉水550ml*24瓶', 6, 39.90, 49.90, 1000, 8765, 1, '/products/nongfu.jpg', 1, NOW(), NOW()),
(36, '蒙牛特仑苏纯牛奶', '优质奶源250ml*16盒', 6, 79.90, 89.90, 600, 6543, 1, '/products/mengniu.jpg', 1, NOW(), NOW()),
(37, '百草味肉类零食礼盒', '牛肉干猪肉脯500g', 6, 99.00, 139.00, 350, 2345, 1, '/products/baicaowei.jpg', 1, NOW(), NOW()),
(38, '星巴克咖啡豆', '中度烘焙阿拉比卡豆200g', 6, 98.00, 128.00, 200, 1567, 1, '/products/starbucks.jpg', 1, NOW(), NOW()),
(39, '三体全集典藏版', '刘慈欣科幻巨著精装三册', 7, 98.00, 128.00, 200, 3567, 1, '/products/santi.jpg', 1, NOW(), NOW()),
(40, '明朝那些事儿全集', '当年明月著历史读物全9册', 7, 168.00, 218.00, 150, 2134, 1, '/products/mingchao.jpg', 1, NOW(), NOW()),
(41, '百年孤独', '马尔克斯代表作精装版', 7, 55.00, 68.00, 300, 4321, 1, '/products/bainian.jpg', 1, NOW(), NOW()),
(42, '斑马牌中性笔10支装', '顺滑书写0.5mm黑色', 7, 25.00, 35.00, 1000, 7654, 1, '/products/zebra.jpg', 1, NOW(), NOW()),
(43, '得力办公文具套装', '订书机计算器文件夹', 7, 89.00, 119.00, 400, 2345, 1, '/products/deli.jpg', 1, NOW(), NOW()),
(44, '迪卡侬跑步机', '家用静音折叠收纳', 8, 1999.00, 2499.00, 60, 876, 1, '/products/decathlon.jpg', 1, NOW(), NOW()),
(45, '李宁羽毛球拍', '碳素材质攻守兼备', 8, 299.00, 399.00, 200, 1567, 1, '/products/lining.jpg', 1, NOW(), NOW()),
(46, '北面冲锋衣', '防风防水透气速干', 8, 1599.00, 1999.00, 100, 678, 1, '/products/northface.jpg', 1, NOW(), NOW()),
(47, '骆驼户外帐篷', '双人双层防暴雨', 8, 459.00, 599.00, 150, 1234, 1, '/products/camel.jpg', 1, NOW(), NOW()),
(48, '好孩子婴儿推车', '轻便折叠可坐可躺', 9, 899.00, 1199.00, 80, 567, 1, '/products/goodbaby.jpg', 1, NOW(), NOW()),
(49, '帮宝适纸尿裤L码', '超薄透气干爽152片', 9, 199.00, 249.00, 300, 4567, 1, '/products/pampers.jpg', 1, NOW(), NOW()),
(50, '全友家居布艺沙发', '北欧简约科技布三人位', 10, 3999.00, 4999.00, 30, 234, 1, '/products/quanyou.jpg', 1, NOW(), NOW());


-- 收货地址表 30个
INSERT INTO addresses (id, user_id, name, phone, province, city, district, detail, is_default, status) VALUES
(1, 2, '张三', '13812345678', '北京市', '北京市', '朝阳区', '建国路88号SOHO现代城A座1001室', 1, 1),
(2, 2, '张三', '13812345678', '北京市', '北京市', '海淀区', '中关村大街1号软件园B座502室', 0, 1),
(3, 3, '李四', '13987654321', '上海市', '上海市', '浦东新区', '陆家嘴环路1000号恒生大厦2002室', 1, 1),
(4, 4, '王五', '13666666666', '广东省', '深圳市', '南山区', '科技园南区飞亚达大厦3003室', 1, 1),
(5, 5, '赵六', '13555555555', '浙江省', '杭州市', '西湖区', '文三路478号华星广场A座1205室', 1, 1),
(6, 6, '孙七', '13444444444', '江苏省', '南京市', '鼓楼区', '中山北路88号建伟大厦1506室', 1, 1),
(7, 7, '周八', '13333333333', '四川省', '成都市', '武侯区', '天府大道北段1700号环球中心E1区', 1, 1),
(8, 8, '吴九', '13222222222', '湖北省', '武汉市', '洪山区', '珞喻路1037号华中科技大学', 1, 1),
(9, 9, '郑十', '13111111111', '陕西省', '西安市', '雁塔区', '高新路88号尚品国际A座1808室', 1, 1),
(10, 10, '小明', '15012345678', '山东省', '青岛市', '市南区', '香港中路67号书城公寓1203室', 1, 1),
(11, 11, '小红', '15112345678', '福建省', '厦门市', '思明区', '软件园二期望海路23号', 1, 1),
(12, 12, '大明', '15212345678', '广东省', '广州市', '天河区', '天河路385号太古汇一座3506室', 1, 1),
(13, 13, '小丽', '15312345678', '河南省', '郑州市', '金水区', '农业路72号国际企业中心A座', 1, 1),
(14, 14, '老王', '15412345678', '辽宁省', '大连市', '中山区', '人民路23号虹源大厦1102室', 1, 1),
(15, 15, '小张', '15512345678', '天津市', '天津市', '和平区', '南京路189号津汇广场2301室', 1, 1),
(16, 16, '晨晨', '15612345678', '重庆市', '重庆市', '渝中区', '解放碑民权路28号英利中心3205室', 1, 1),
(17, 17, '琳琳', '15712345678', '湖南省', '长沙市', '岳麓区', '麓谷大道658号企业广场C1栋', 1, 1),
(18, 18, '洋洋', '15812345678', '安徽省', '合肥市', '蜀山区', '长江西路189号之心城A座2008室', 1, 1),
(19, 19, '慧慧', '15912345678', '江西省', '南昌市', '红谷滩区', '红谷中大道1326号省医院宿舍', 1, 1),
(20, 20, '明明', '13012345678', '河北省', '石家庄市', '长安区', '中山东路508号东胜广场A座', 1, 1),
(21, 3, '李四', '13987654321', '上海市', '上海市', '徐汇区', '漕溪北路88号圣爱大厦1203室', 0, 1),
(22, 4, '王五', '13666666666', '广东省', '深圳市', '福田区', '深南大道6011号NEO大厦A座', 0, 1),
(23, 5, '赵六', '13555555555', '浙江省', '杭州市', '滨江区', '网商路599号阿里巴巴西溪园区', 0, 1),
(24, 12, '大明', '15212345678', '广东省', '广州市', '番禺区', '万博商务区汉溪大道东395号', 0, 1),
(25, 2, '张三公司', '13812345678', '北京市', '北京市', '西城区', '金融大街35号国际企业大厦B座', 0, 1),
(26, 7, '周八', '13333333333', '四川省', '成都市', '高新区', '天府三街199号腾讯大厦A座', 0, 1),
(27, 9, '郑十', '13111111111', '陕西省', '西安市', '碑林区', '南大街1号骡马市步行街', 0, 1),
(28, 11, '小红', '15112345678', '福建省', '厦门市', '湖里区', '金山路1号观音山商务中心A栋', 0, 1),
(29, 15, '小张', '15512345678', '天津市', '天津市', '南开区', '鞍山西道259号时代数码广场', 0, 1),
(30, 18, '洋洋', '15812345678', '安徽省', '合肥市', '包河区', '马鞍山路130号万达广场A座', 0, 1);

-- 优惠券表 10个
INSERT INTO tb_coupon (id, name, description, type, discount_amount, min_amount, total_count, claimed_count, limit_per_user, start_time, end_time, status, created_time, updated_time) VALUES
(1, '新人专享20元券', '新用户首单满100减20元', 1, 20.00, 100.00, 10000, 850, 1, '2025-01-01', '2025-12-31', 1, NOW(), NOW()),
(2, '满300减50优惠券', '全场通用满300元立减50元', 1, 50.00, 300.00, 5000, 1230, 2, '2025-01-01', '2025-12-31', 1, NOW(), NOW()),
(3, '无门槛10元券', '全场通用无门槛立减10元', 3, 10.00, 0.00, 20000, 5600, 3, '2025-01-01', '2025-12-31', 1, NOW(), NOW()),
(4, '数码专区满1000减100', '仅限手机数码分类使用', 1, 100.00, 1000.00, 2000, 430, 1, '2025-01-01', '2025-12-31', 1, NOW(), NOW()),
(5, '美妆满500减80', '仅限美妆护肤分类使用', 1, 80.00, 500.00, 3000, 670, 2, '2025-01-01', '2025-12-31', 1, NOW(), NOW()),
(6, '家电满2000减200', '仅限家用电器分类使用', 1, 200.00, 2000.00, 1500, 320, 1, '2025-01-01', '2025-12-31', 1, NOW(), NOW()),
(7, '服装鞋帽满399减60', '仅限服装鞋帽分类使用', 1, 60.00, 399.00, 4000, 890, 2, '2025-01-01', '2025-12-31', 1, NOW(), NOW()),
(8, '图书满100减20', '仅限图书文具分类使用', 1, 20.00, 100.00, 5000, 1560, 3, '2025-01-01', '2025-12-31', 1, NOW(), NOW()),
(9, '会员专享满1000减150', '仅限VIP会员使用', 1, 150.00, 1000.00, 1000, 180, 1, '2025-01-01', '2025-12-31', 1, NOW(), NOW()),
(10, '年货节满500减100', '年货节特惠限时抢购', 1, 100.00, 500.00, 3000, 2100, 1, '2025-01-15', '2025-02-15', 1, NOW(), NOW());

-- 购物车表 25条
INSERT INTO tb_cart (id, user_id, product_id, quantity, selected, created_time, updated_time) VALUES
(1, 2, 3, 1, 1, NOW(), NOW()),
(2, 2, 21, 2, 1, NOW(), NOW()),
(3, 2, 33, 1, 0, NOW(), NOW()),
(4, 3, 1, 1, 1, NOW(), NOW()),
(5, 3, 27, 1, 1, NOW(), NOW()),
(6, 4, 16, 1, 1, NOW(), NOW()),
(7, 5, 33, 2, 1, NOW(), NOW()),
(8, 5, 36, 1, 1, NOW(), NOW()),
(9, 6, 21, 1, 1, NOW(), NOW()),
(10, 6, 45, 2, 1, NOW(), NOW()),
(11, 7, 50, 1, 1, NOW(), NOW()),
(12, 7, 23, 2, 0, NOW(), NOW()),
(13, 8, 39, 1, 1, NOW(), NOW()),
(14, 8, 40, 1, 1, NOW(), NOW()),
(15, 9, 27, 1, 1, NOW(), NOW()),
(16, 9, 28, 1, 1, NOW(), NOW()),
(17, 10, 42, 3, 1, NOW(), NOW()),
(18, 10, 41, 1, 1, NOW(), NOW()),
(19, 11, 31, 2, 1, NOW(), NOW()),
(20, 11, 32, 1, 1, NOW(), NOW()),
(21, 12, 9, 1, 1, NOW(), NOW()),
(22, 12, 13, 1, 1, NOW(), NOW()),
(23, 13, 48, 1, 1, NOW(), NOW()),
(24, 13, 49, 2, 1, NOW(), NOW()),
(25, 14, 19, 1, 1, NOW(), NOW());


-- 订单表 30个
INSERT INTO tb_order (id, order_no, user_id, total_amount, pay_amount, payment_method, payment_status, order_status, shipping_address, payment_time, shipping_time, end_time, remark, coupon_id, coupon_discount, created_time, updated_time) VALUES
(1, 'ORD202501100001', 2, 9999.00, 9899.00, 1, 1, 3, '{"receiver":"张三","phone":"13812345678","province":"北京市","city":"北京市","district":"朝阳区","detail":"建国路88号SOHO现代城A座1001室"}', '2025-01-10 10:35:00', '2025-01-11 09:00:00', '2025-01-15 14:30:00', '请工作日送货', 4, 100.00, '2025-01-10 10:30:00', NOW()),
(2, 'ORD202501120002', 3, 6999.00, 6899.00, 1, 1, 3, '{"receiver":"李四","phone":"13987654321","province":"上海市","city":"上海市","district":"浦东新区","detail":"陆家嘴环路1000号恒生大厦2002室"}', '2025-01-12 14:20:00', '2025-01-13 08:30:00', '2025-01-17 16:00:00', NULL, 4, 100.00, '2025-01-12 14:15:00', NOW()),
(3, 'ORD202501150003', 4, 2999.00, 2799.00, 2, 1, 3, '{"receiver":"王五","phone":"13666666666","province":"广东省","city":"深圳市","district":"南山区","detail":"科技园南区飞亚达大厦3003室"}', '2025-01-15 11:10:00', '2025-01-16 09:00:00', '2025-01-20 15:20:00', '周末可以送货', 6, 200.00, '2025-01-15 11:00:00', NOW()),
(4, 'ORD202501180004', 5, 336.00, 286.00, 1, 1, 3, '{"receiver":"赵六","phone":"13555555555","province":"浙江省","city":"杭州市","district":"西湖区","detail":"文三路478号华星广场A座1205室"}', '2025-01-18 16:45:00', '2025-01-19 10:00:00', '2025-01-22 11:30:00', NULL, 2, 50.00, '2025-01-18 16:40:00', NOW()),
(5, 'ORD202501200005', 6, 1798.00, 1738.00, 1, 1, 3, '{"receiver":"孙七","phone":"13444444444","province":"江苏省","city":"南京市","district":"鼓楼区","detail":"中山北路88号建伟大厦1506室"}', '2025-01-20 09:30:00', '2025-01-21 08:00:00', '2025-01-25 14:00:00', NULL, 7, 60.00, '2025-01-20 09:25:00', NOW()),
(6, 'ORD202501210006', 7, 4599.00, 4399.00, 1, 1, 3, '{"receiver":"周八","phone":"13333333333","province":"四川省","city":"成都市","district":"武侯区","detail":"天府大道北段1700号环球中心E1区"}', '2025-01-21 15:20:00', '2025-01-22 09:30:00', '2025-01-27 16:45:00', '送货前请电话联系', 6, 200.00, '2025-01-21 15:15:00', NOW()),
(7, 'ORD202501220007', 8, 266.00, 246.00, 2, 1, 3, '{"receiver":"吴九","phone":"13222222222","province":"湖北省","city":"武汉市","district":"洪山区","detail":"珞喻路1037号华中科技大学"}', '2025-01-22 11:00:00', '2025-01-23 08:00:00', '2025-01-26 10:30:00', NULL, 8, 20.00, '2025-01-22 10:55:00', NOW()),
(8, 'ORD202501230008', 9, 2670.00, 2590.00, 1, 1, 3, '{"receiver":"郑十","phone":"13111111111","province":"陕西省","city":"西安市","district":"雁塔区","detail":"高新路88号尚品国际A座1808室"}', '2025-01-23 14:35:00', '2025-01-24 09:00:00', '2025-01-28 15:00:00', NULL, 5, 80.00, '2025-01-23 14:30:00', NOW()),
(9, 'ORD202501250009', 10, 80.00, 80.00, 1, 1, 2, '{"receiver":"小明","phone":"15012345678","province":"山东省","city":"青岛市","district":"市南区","detail":"香港中路67号书城公寓1203室"}', '2025-01-25 10:20:00', '2025-01-26 08:30:00', NULL, NULL, NULL, NULL, '2025-01-25 10:15:00', NOW()),
(10, 'ORD202501260010', 11, 670.00, 670.00, 2, 1, 2, '{"receiver":"小红","phone":"15112345678","province":"福建省","city":"厦门市","district":"思明区","detail":"软件园二期望海路23号"}', '2025-01-26 15:40:00', '2025-01-27 09:00:00', NULL, '请放快递柜', NULL, NULL, '2025-01-26 15:35:00', NOW()),
(11, 'ORD202501270011', 12, 15798.00, 15648.00, 1, 1, 2, '{"receiver":"大明","phone":"15212345678","province":"广东省","city":"广州市","district":"天河区","detail":"天河路385号太古汇一座3506室"}', '2025-01-27 11:10:00', '2025-01-28 08:00:00', NULL, '公司地址工作日送', 9, 150.00, '2025-01-27 11:05:00', NOW()),
(12, 'ORD202501270012', 2, 1590.00, 1510.00, 1, 1, 2, '{"receiver":"张三","phone":"13812345678","province":"北京市","city":"北京市","district":"海淀区","detail":"中关村大街1号软件园B座502室"}', '2025-01-27 16:25:00', '2025-01-28 09:30:00', NULL, NULL, 5, 80.00, '2025-01-27 16:20:00', NOW()),
(13, 'ORD202501280013', 13, 1098.00, 1098.00, 1, 1, 1, '{"receiver":"小丽","phone":"15312345678","province":"河南省","city":"郑州市","district":"金水区","detail":"农业路72号国际企业中心A座"}', '2025-01-28 09:50:00', NULL, NULL, '尽快发货', NULL, NULL, '2025-01-28 09:45:00', NOW()),
(14, 'ORD202501280014', 14, 3999.00, 3999.00, 2, 1, 1, '{"receiver":"老王","phone":"15412345678","province":"辽宁省","city":"大连市","district":"中山区","detail":"人民路23号虹源大厦1102室"}', '2025-01-28 14:30:00', NULL, NULL, NULL, NULL, NULL, '2025-01-28 14:25:00', NOW()),
(15, 'ORD202501280015', 15, 899.00, 839.00, 1, 1, 1, '{"receiver":"小张","phone":"15512345678","province":"天津市","city":"天津市","district":"和平区","detail":"南京路189号津汇广场2301室"}', '2025-01-28 17:15:00', NULL, NULL, NULL, 7, 60.00, '2025-01-28 17:10:00', NOW()),
(16, 'ORD202501290016', 16, 5999.00, 5999.00, 1, 0, 0, '{"receiver":"晨晨","phone":"15612345678","province":"重庆市","city":"重庆市","district":"渝中区","detail":"解放碑民权路28号英利中心3205室"}', NULL, NULL, NULL, NULL, NULL, NULL, '2025-01-29 10:00:00', NOW()),
(17, 'ORD202501290017', 17, 1999.00, 1999.00, 1, 0, 0, '{"receiver":"琳琳","phone":"15712345678","province":"湖南省","city":"长沙市","district":"岳麓区","detail":"麓谷大道658号企业广场C1栋"}', NULL, NULL, NULL, '希望能便宜点', NULL, NULL, '2025-01-29 11:30:00', NOW()),
(18, 'ORD202501290018', 18, 4990.00, 4990.00, 1, 0, 0, '{"receiver":"洋洋","phone":"15812345678","province":"安徽省","city":"合肥市","district":"蜀山区","detail":"长江西路189号之心城A座2008室"}', NULL, NULL, NULL, NULL, NULL, NULL, '2025-01-29 14:20:00', NOW()),
(19, 'ORD202412150019', 2, 1299.00, 1239.00, 1, 1, 3, '{"receiver":"张三","phone":"13812345678","province":"北京市","city":"北京市","district":"朝阳区","detail":"建国路88号SOHO现代城A座1001室"}', '2024-12-15 10:30:00', '2024-12-16 09:00:00', '2024-12-20 14:00:00', NULL, 7, 60.00, '2024-12-15 10:25:00', NOW()),
(20, 'ORD202412200020', 3, 4299.00, 4099.00, 1, 1, 3, '{"receiver":"李四","phone":"13987654321","province":"上海市","city":"上海市","district":"浦东新区","detail":"陆家嘴环路1000号恒生大厦2002室"}', '2024-12-20 15:45:00', '2024-12-21 08:30:00', '2024-12-25 16:30:00', NULL, 6, 200.00, '2024-12-20 15:40:00', NOW()),
(21, 'ORD202412250021', 4, 168.00, 168.00, 2, 1, 3, '{"receiver":"王五","phone":"13666666666","province":"广东省","city":"深圳市","district":"南山区","detail":"科技园南区飞亚达大厦3003室"}', '2024-12-25 11:20:00', '2024-12-26 09:00:00', '2024-12-30 10:45:00', NULL, NULL, NULL, '2024-12-25 11:15:00', NOW()),
(22, 'ORD202501050022', 5, 799.00, 799.00, 1, 1, 3, '{"receiver":"赵六","phone":"13555555555","province":"浙江省","city":"杭州市","district":"西湖区","detail":"文三路478号华星广场A座1205室"}', '2025-01-05 14:10:00', '2025-01-06 08:00:00', '2025-01-10 15:30:00', NULL, NULL, NULL, '2025-01-05 14:05:00', NOW()),
(23, 'ORD202501080023', 19, 590.00, 590.00, 1, 1, 3, '{"receiver":"慧慧","phone":"15912345678","province":"江西省","city":"南昌市","district":"红谷滩区","detail":"红谷中大道1326号省医院宿舍"}', '2025-01-08 09:40:00', '2025-01-09 08:30:00', '2025-01-13 11:00:00', NULL, NULL, NULL, '2025-01-08 09:35:00', NOW()),
(24, 'ORD202501100024', 20, 14999.00, 14849.00, 1, 1, 3, '{"receiver":"明明","phone":"13012345678","province":"河北省","city":"石家庄市","district":"长安区","detail":"中山东路508号东胜广场A座"}', '2025-01-10 16:55:00', '2025-01-11 09:00:00', '2025-01-16 14:20:00', '公司报销需要发票', 9, 150.00, '2025-01-10 16:50:00', NOW()),
(25, 'ORD202501150025', 6, 459.00, 459.00, 1, 0, 4, '{"receiver":"孙七","phone":"13444444444","province":"江苏省","city":"南京市","district":"鼓楼区","detail":"中山北路88号建伟大厦1506室"}', NULL, NULL, NULL, '不想要了', NULL, NULL, '2025-01-15 20:00:00', NOW()),
(26, 'ORD202501200026', 7, 98.00, 98.00, 1, 0, 4, '{"receiver":"周八","phone":"13333333333","province":"四川省","city":"成都市","district":"武侯区","detail":"天府大道北段1700号环球中心E1区"}', NULL, NULL, NULL, NULL, NULL, NULL, '2025-01-20 22:30:00', NOW()),
(27, 'ORD202501280027', 3, 1080.00, 1000.00, 1, 1, 2, '{"receiver":"李四","phone":"13987654321","province":"上海市","city":"上海市","district":"徐汇区","detail":"漕溪北路88号圣爱大厦1203室"}', '2025-01-28 10:20:00', '2025-01-29 08:00:00', NULL, NULL, 5, 80.00, '2025-01-28 10:15:00', NOW()),
(28, 'ORD202501280028', 4, 320.00, 270.00, 2, 1, 2, '{"receiver":"王五","phone":"13666666666","province":"广东省","city":"深圳市","district":"福田区","detail":"深南大道6011号NEO大厦A座"}', '2025-01-28 15:40:00', '2025-01-29 09:00:00', NULL, NULL, 2, 50.00, '2025-01-28 15:35:00', NOW()),
(29, 'ORD202501290029', 8, 299.00, 299.00, 1, 1, 5, '{"receiver":"吴九","phone":"13222222222","province":"湖北省","city":"武汉市","district":"洪山区","detail":"珞喻路1037号华中科技大学"}', '2025-01-29 09:10:00', NULL, NULL, '买错了想退', NULL, NULL, '2025-01-29 09:05:00', NOW()),
(30, 'ORD202501290030', 9, 350.00, 350.00, 1, 0, 0, '{"receiver":"郑十","phone":"13111111111","province":"陕西省","city":"西安市","district":"碑林区","detail":"南大街1号骡马市步行街"}', NULL, NULL, NULL, NULL, NULL, NULL, '2025-01-29 16:00:00', NOW());


-- 订单项表 45条
INSERT INTO tb_order_item (id, order_id, product_id, product_name, product_price, quantity, total_price, product_image, created_time, updated_time) VALUES
(1, 1, 1, 'iPhone 15 Pro Max 256GB', 9999.00, 1, 9999.00, '/products/iphone15.jpg', NOW(), NOW()),
(2, 2, 2, '华为Mate 60 Pro', 6999.00, 1, 6999.00, '/products/mate60.jpg', NOW(), NOW()),
(3, 3, 16, '美的1.5匹变频空调', 2999.00, 1, 2999.00, '/products/midea.jpg', NOW(), NOW()),
(4, 4, 33, '三只松鼠坚果大礼包', 168.00, 2, 336.00, '/products/nuts.jpg', NOW(), NOW()),
(5, 5, 21, '耐克Air Max 270运动鞋', 899.00, 2, 1798.00, '/products/nike.jpg', NOW(), NOW()),
(6, 6, 15, '海尔470升十字对开门冰箱', 4599.00, 1, 4599.00, '/products/haier.jpg', NOW(), NOW()),
(7, 7, 39, '三体全集典藏版', 98.00, 1, 98.00, '/products/santi.jpg', NOW(), NOW()),
(8, 7, 33, '三只松鼠坚果大礼包', 168.00, 1, 168.00, '/products/nuts.jpg', NOW(), NOW()),
(9, 8, 27, 'SK-II神仙水230ml', 1590.00, 1, 1590.00, '/products/skii.jpg', NOW(), NOW()),
(10, 8, 28, '兰蔻小黑瓶精华50ml', 1080.00, 1, 1080.00, '/products/lancome.jpg', NOW(), NOW()),
(11, 9, 42, '斑马牌中性笔10支装', 25.00, 2, 50.00, '/products/zebra.jpg', NOW(), NOW()),
(12, 9, 41, '百年孤独', 55.00, 1, 55.00, '/products/bainian.jpg', NOW(), NOW()),
(13, 10, 31, 'YSL小金条口红', 320.00, 1, 320.00, '/products/ysl.jpg', NOW(), NOW()),
(14, 10, 32, '迪奥烈艳蓝金唇膏', 350.00, 1, 350.00, '/products/dior.jpg', NOW(), NOW()),
(15, 11, 9, 'MacBook Pro 14英寸 M3 Pro', 14999.00, 1, 14999.00, '/products/macbook.jpg', NOW(), NOW()),
(16, 11, 13, '罗技MX Master 3S', 799.00, 1, 799.00, '/products/mouse.jpg', NOW(), NOW()),
(17, 12, 27, 'SK-II神仙水230ml', 1590.00, 1, 1590.00, '/products/skii.jpg', NOW(), NOW()),
(18, 13, 48, '好孩子婴儿推车', 899.00, 1, 899.00, '/products/goodbaby.jpg', NOW(), NOW()),
(19, 13, 49, '帮宝适纸尿裤L码', 199.00, 1, 199.00, '/products/pampers.jpg', NOW(), NOW()),
(20, 14, 19, '小米电视75英寸', 3999.00, 1, 3999.00, '/products/mitv.jpg', NOW(), NOW()),
(21, 15, 21, '耐克Air Max 270运动鞋', 899.00, 1, 899.00, '/products/nike.jpg', NOW(), NOW()),
(22, 16, 3, '小米14 Ultra', 5999.00, 1, 5999.00, '/products/mi14.jpg', NOW(), NOW()),
(23, 17, 44, '迪卡侬跑步机', 1999.00, 1, 1999.00, '/products/decathlon.jpg', NOW(), NOW()),
(24, 18, 18, '戴森V15吸尘器', 4990.00, 1, 4990.00, '/products/dyson.jpg', NOW(), NOW()),
(25, 19, 22, '阿迪达斯Ultraboost跑鞋', 1299.00, 1, 1299.00, '/products/adidas.jpg', NOW(), NOW()),
(26, 20, 17, '西门子10公斤滚筒洗衣机', 4299.00, 1, 4299.00, '/products/siemens.jpg', NOW(), NOW()),
(27, 21, 33, '三只松鼠坚果大礼包', 168.00, 1, 168.00, '/products/nuts.jpg', NOW(), NOW()),
(28, 22, 13, '罗技MX Master 3S', 799.00, 1, 799.00, '/products/mouse.jpg', NOW(), NOW()),
(29, 23, 29, '雅诗兰黛小棕瓶眼霜15ml', 590.00, 1, 590.00, '/products/estee.jpg', NOW(), NOW()),
(30, 24, 9, 'MacBook Pro 14英寸 M3 Pro', 14999.00, 1, 14999.00, '/products/macbook.jpg', NOW(), NOW()),
(31, 25, 47, '骆驼户外帐篷', 459.00, 1, 459.00, '/products/camel.jpg', NOW(), NOW()),
(32, 26, 39, '三体全集典藏版', 98.00, 1, 98.00, '/products/santi.jpg', NOW(), NOW()),
(33, 27, 28, '兰蔻小黑瓶精华50ml', 1080.00, 1, 1080.00, '/products/lancome.jpg', NOW(), NOW()),
(34, 28, 31, 'YSL小金条口红', 320.00, 1, 320.00, '/products/ysl.jpg', NOW(), NOW()),
(35, 29, 45, '李宁羽毛球拍', 299.00, 1, 299.00, '/products/lining.jpg', NOW(), NOW()),
(36, 30, 32, '迪奥烈艳蓝金唇膏', 350.00, 1, 350.00, '/products/dior.jpg', NOW(), NOW()),
(37, 1, 8, 'AirPods Pro 2', 1899.00, 1, 1899.00, '/products/airpods.jpg', NOW(), NOW()),
(38, 2, 8, 'AirPods Pro 2', 1899.00, 1, 1899.00, '/products/airpods.jpg', NOW(), NOW()),
(39, 5, 26, 'New Balance 574复古跑鞋', 769.00, 1, 769.00, '/products/nb.jpg', NOW(), NOW()),
(40, 8, 31, 'YSL小金条口红', 320.00, 2, 640.00, '/products/ysl.jpg', NOW(), NOW()),
(41, 11, 42, '斑马牌中性笔10支装', 25.00, 2, 50.00, '/products/zebra.jpg', NOW(), NOW()),
(42, 19, 23, '优衣库轻薄羽绒服', 499.00, 1, 499.00, '/products/uniqlo.jpg', NOW(), NOW()),
(43, 22, 42, '斑马牌中性笔10支装', 25.00, 1, 25.00, '/products/zebra.jpg', NOW(), NOW()),
(44, 24, 13, '罗技MX Master 3S', 799.00, 1, 799.00, '/products/mouse.jpg', NOW(), NOW()),
(45, 27, 29, '雅诗兰黛小棕瓶眼霜15ml', 590.00, 1, 590.00, '/products/estee.jpg', NOW(), NOW());


-- 消息通知表 40条
INSERT INTO notifications (id, user_id, type, title, message, is_read, related_id, created_time) VALUES
(1, 2, 'system', '欢迎加入萌购商城', '亲爱的张三欢迎您注册萌购商城新人优惠券已发放', 1, NULL, '2024-03-15 14:35:00'),
(2, 3, 'system', '欢迎加入萌购商城', '亲爱的李四欢迎您注册萌购商城新人优惠券已发放', 1, NULL, '2024-04-20 09:20:00'),
(3, 4, 'system', '欢迎加入萌购商城', '亲爱的王五欢迎您注册萌购商城新人优惠券已发放', 1, NULL, '2024-05-10 16:50:00'),
(4, 5, 'system', '欢迎加入萌购商城', '亲爱的赵六欢迎您注册萌购商城新人优惠券已发放', 1, NULL, '2024-06-01 11:25:00'),
(5, 2, 'system', '积分到账通知', '恭喜您获得500积分奖励积分可抵扣现金', 1, NULL, '2025-01-16 10:00:00'),
(6, 3, 'system', '积分到账通知', '恭喜您获得350积分奖励积分可抵扣现金', 1, NULL, '2025-01-18 10:00:00'),
(7, 4, 'system', '会员等级提升', '恭喜您升级为银牌会员享受更多专属优惠', 0, NULL, '2025-01-21 09:00:00'),
(8, 12, 'system', '会员等级提升', '恭喜您升级为金牌会员享受更多专属优惠', 0, NULL, '2025-01-28 09:00:00'),
(9, 2, 'promotion', '新年大促活动开始啦', '新年特惠全场满300减50数码专区满1000减100', 0, 2, '2025-01-15 09:00:00'),
(10, 3, 'promotion', '新年大促活动开始啦', '新年特惠全场满300减50数码专区满1000减100', 1, 2, '2025-01-15 09:00:00'),
(11, 4, 'promotion', '新年大促活动开始啦', '新年特惠全场满300减50数码专区满1000减100', 0, 2, '2025-01-15 09:00:00'),
(12, 5, 'promotion', '美妆节限时特惠', '美妆护肤专场满500减80大牌好物等你来抢', 0, 5, '2025-01-20 10:00:00'),
(13, 9, 'promotion', '美妆节限时特惠', '美妆护肤专场满500减80大牌好物等你来抢', 1, 5, '2025-01-20 10:00:00'),
(14, 11, 'promotion', '美妆节限时特惠', '美妆护肤专场满500减80大牌好物等你来抢', 0, 5, '2025-01-20 10:00:00'),
(15, 6, 'promotion', '运动装备特卖', '运动户外专场精选好物低至5折', 0, 7, '2025-01-22 09:00:00'),
(16, 8, 'promotion', '图书文具满减', '图书满100减20开学季囤书好时机', 1, 8, '2025-01-25 09:00:00'),
(17, 2, 'order', '订单支付成功', '您的订单ORD202501100001支付成功商家正在备货', 1, 1, '2025-01-10 10:36:00'),
(18, 2, 'order', '订单已发货', '您的订单ORD202501100001已发货预计3-5天送达', 1, 1, '2025-01-11 09:05:00'),
(19, 2, 'order', '订单已完成', '您的订单ORD202501100001已完成欢迎评价', 1, 1, '2025-01-15 14:35:00'),
(20, 3, 'order', '订单支付成功', '您的订单ORD202501120002支付成功商家正在备货', 1, 2, '2025-01-12 14:21:00'),
(21, 3, 'order', '订单已发货', '您的订单ORD202501120002已发货预计3-5天送达', 1, 2, '2025-01-13 08:35:00'),
(22, 3, 'order', '订单已完成', '您的订单ORD202501120002已完成欢迎评价', 1, 2, '2025-01-17 16:05:00'),
(23, 4, 'order', '订单已完成', '您的订单ORD202501150003已完成感谢购买', 1, 3, '2025-01-20 15:25:00'),
(24, 5, 'order', '订单已完成', '您的订单ORD202501180004已完成感谢购买', 1, 4, '2025-01-22 11:35:00'),
(25, 6, 'order', '订单已完成', '您的订单ORD202501200005已完成感谢购买', 0, 5, '2025-01-25 14:05:00'),
(26, 7, 'order', '订单已完成', '您的订单ORD202501210006已完成感谢购买', 0, 6, '2025-01-27 16:50:00'),
(27, 8, 'order', '订单已完成', '您的订单ORD202501220007已完成感谢购买', 1, 7, '2025-01-26 10:35:00'),
(28, 9, 'order', '订单已完成', '您的订单ORD202501230008已完成感谢购买', 0, 8, '2025-01-28 15:05:00'),
(29, 10, 'order', '订单已发货', '您的订单ORD202501250009已发货预计3-5天送达', 0, 9, '2025-01-26 08:35:00'),
(30, 11, 'order', '订单已发货', '您的订单ORD202501260010已发货预计3-5天送达', 0, 10, '2025-01-27 09:05:00'),
(31, 12, 'order', '订单已发货', '您的订单ORD202501270011已发货预计3-5天送达', 0, 11, '2025-01-28 08:05:00'),
(32, 2, 'order', '订单已发货', '您的订单ORD202501270012已发货预计3-5天送达', 0, 12, '2025-01-28 09:35:00'),
(33, 13, 'order', '订单待发货', '您的订单ORD202501280013已支付成功商家正在备货', 0, 13, '2025-01-28 09:55:00'),
(34, 14, 'order', '订单待发货', '您的订单ORD202501280014已支付成功商家正在备货', 0, 14, '2025-01-28 14:35:00'),
(35, 15, 'order', '订单待发货', '您的订单ORD202501280015已支付成功商家正在备货', 0, 15, '2025-01-28 17:20:00'),
(36, 16, 'order', '订单待支付', '您的订单ORD202501290016已创建请在30分钟内完成支付', 0, 16, '2025-01-29 10:05:00'),
(37, 17, 'order', '订单待支付', '您的订单ORD202501290017已创建请在30分钟内完成支付', 0, 17, '2025-01-29 11:35:00'),
(38, 18, 'order', '订单待支付', '您的订单ORD202501290018已创建请在30分钟内完成支付', 0, 18, '2025-01-29 14:25:00'),
(39, 8, 'order', '取消申请已提交', '您的订单ORD202501290029取消申请已提交等待审核', 0, 29, '2025-01-29 09:15:00'),
(40, 9, 'order', '订单待支付', '您的订单ORD202501290030已创建请在30分钟内完成支付', 0, 30, '2025-01-29 16:05:00');


-- 商品评价表 35条
INSERT INTO tb_review (id, product_id, user_id, order_id, order_item_id, rating, content, is_anonymous, created_time) VALUES
(1, 1, 2, 1, 1, 5, 'iPhone一如既往的流畅系统体验非常好钛金属边框手感很棒拍照效果清晰A17 Pro芯片性能强劲', 0, '2025-01-16 10:00:00'),
(2, 8, 2, 1, 37, 5, 'AirPods Pro 2降噪效果太棒了通勤路上完全听不到地铁噪音音质也很好低音浑厚', 0, '2025-01-16 10:05:00'),
(3, 2, 3, 2, 2, 5, '华为手机真的很好用拍照效果超级棒卫星通话功能太实用了出门在外再也不怕没信号', 0, '2025-01-18 14:00:00'),
(4, 8, 3, 2, 38, 4, '耳机音质不错降噪效果也可以就是戴久了耳朵有点不舒服总体来说还是很满意的', 0, '2025-01-18 14:10:00'),
(5, 16, 4, 3, 3, 5, '空调制冷效果很好房间很快就凉下来了静音模式下几乎听不到声音一级能效省电', 0, '2025-01-21 10:00:00'),
(6, 33, 5, 4, 4, 5, '坚果很新鲜种类丰富有核桃腰果巴旦木等等包装也很精美送人自己吃都很合适', 0, '2025-01-23 09:00:00'),
(7, 21, 6, 5, 5, 4, '鞋子很舒服气垫效果不错跑步的时候脚感很好就是尺码偏大半码建议买小一号', 0, '2025-01-26 11:00:00'),
(8, 26, 6, 5, 39, 5, 'NB的鞋子一直很喜欢这双574复古款颜值很高搭配牛仔裤很好看鞋底软硬适中', 0, '2025-01-26 11:10:00'),
(9, 15, 7, 6, 6, 5, '冰箱容量很大十字对开门设计很方便风冷无霜不用手动除霜省心省力运行声音小', 0, '2025-01-28 10:00:00'),
(10, 39, 8, 7, 7, 5, '三体是我看过最好的科幻小说刘慈欣的想象力太丰富了每次重读都有新的感悟', 0, '2025-01-27 14:00:00'),
(11, 33, 8, 7, 8, 4, '坚果口感不错就是感觉量有点少性价比一般不过作为零食还是很好吃的', 0, '2025-01-27 14:10:00'),
(12, 27, 9, 8, 9, 5, '神仙水名不虚传用了一个月皮肤明显变得细腻了毛孔也小了很多虽然价格贵但效果真的好', 0, '2025-01-29 09:00:00'),
(13, 28, 9, 8, 10, 5, '兰蔻小黑瓶精华吸收很快不油腻用了一段时间感觉皮肤状态好了很多细纹也淡了', 0, '2025-01-29 09:10:00'),
(14, 31, 9, 8, 40, 4, 'YSL口红颜色很正显白就是有点拔干需要做好唇部打底包装很高级送人很有面子', 0, '2025-01-29 09:20:00'),
(15, 22, 2, 19, 25, 5, '阿迪达斯的Boost中底真的很软弹跑步的时候回弹感很强鞋面透气性也不错', 0, '2024-12-21 10:00:00'),
(16, 23, 2, 19, 42, 4, '优衣库的羽绒服轻便保暖可以收纳成小包出门携带很方便适合南方冬天穿', 0, '2024-12-21 10:10:00'),
(17, 17, 3, 20, 26, 5, '西门子洗衣机质量很好洗得很干净智能投放功能很方便蒸汽除菌功能对有宝宝的家庭很实用', 0, '2024-12-26 14:00:00'),
(18, 33, 4, 21, 27, 5, '三只松鼠的坚果一直很喜欢新鲜好吃这次买的大礼包种类很多全家人都爱吃年货必备', 0, '2024-12-31 10:00:00'),
(19, 13, 5, 22, 28, 5, '罗技鼠标手感很好静音点击不会打扰到别人多设备切换功能很实用办公神器', 0, '2025-01-11 14:00:00'),
(20, 42, 5, 22, 43, 4, '斑马中性笔书写顺滑出墨均匀学生党必备性价比很高就是笔帽容易丢', 0, '2025-01-11 14:10:00'),
(21, 29, 19, 23, 29, 5, '雅诗兰黛小棕瓶眼霜真的很好用坚持用了两周黑眼圈淡了很多眼周也没那么干了', 0, '2025-01-14 10:00:00'),
(22, 9, 20, 24, 30, 5, 'MacBook Pro性能太强了M3 Pro芯片跑代码飞快编译速度比之前快了好几倍', 0, '2025-01-17 14:00:00'),
(23, 13, 20, 24, 44, 5, '配合MacBook使用体验极佳MagSpeed滚轮很顺滑在Mac上的手势操作也很方便', 0, '2025-01-17 14:10:00');


-- 用户优惠券表 50条
INSERT INTO tb_user_coupon (id, user_id, coupon_id, status, order_id, used_time, created_time) VALUES
(1, 2, 1, 0, NULL, NULL, '2024-03-15 14:35:00'),
(2, 2, 2, 0, NULL, NULL, '2025-01-15 10:00:00'),
(3, 2, 3, 0, NULL, NULL, '2025-01-15 10:05:00'),
(4, 2, 4, 1, 1, '2025-01-10 10:35:00', '2025-01-08 09:00:00'),
(5, 2, 5, 1, 12, '2025-01-27 16:25:00', '2025-01-20 10:00:00'),
(6, 2, 7, 1, 19, '2024-12-15 10:30:00', '2024-12-10 09:00:00'),
(7, 3, 1, 0, NULL, NULL, '2024-04-20 09:20:00'),
(8, 3, 2, 0, NULL, NULL, '2025-01-16 10:00:00'),
(9, 3, 4, 1, 2, '2025-01-12 14:20:00', '2025-01-10 09:00:00'),
(10, 3, 5, 1, 27, '2025-01-28 10:20:00', '2025-01-25 10:00:00'),
(11, 3, 6, 1, 20, '2024-12-20 15:45:00', '2024-12-18 09:00:00'),
(12, 4, 1, 0, NULL, NULL, '2024-05-10 16:50:00'),
(13, 4, 2, 1, 28, '2025-01-28 15:40:00', '2025-01-25 10:00:00'),
(14, 4, 3, 0, NULL, NULL, '2025-01-20 10:00:00'),
(15, 4, 6, 1, 3, '2025-01-15 11:10:00', '2025-01-12 09:00:00'),
(16, 5, 1, 0, NULL, NULL, '2024-06-01 11:25:00'),
(17, 5, 2, 1, 4, '2025-01-18 16:45:00', '2025-01-15 10:00:00'),
(18, 5, 3, 0, NULL, NULL, '2025-01-18 10:00:00'),
(19, 6, 1, 0, NULL, NULL, '2024-06-15 08:35:00'),
(20, 6, 7, 1, 5, '2025-01-20 09:30:00', '2025-01-18 09:00:00'),
(21, 6, 3, 0, NULL, NULL, '2025-01-20 10:00:00'),
(22, 7, 1, 0, NULL, NULL, '2024-07-01 13:05:00'),
(23, 7, 6, 1, 6, '2025-01-21 15:20:00', '2025-01-19 09:00:00'),
(24, 7, 3, 0, NULL, NULL, '2025-01-21 10:00:00'),
(25, 8, 1, 0, NULL, NULL, '2024-07-20 10:50:00'),
(26, 8, 8, 1, 7, '2025-01-22 11:00:00', '2025-01-20 09:00:00'),
(27, 8, 3, 0, NULL, NULL, '2025-01-22 10:00:00'),
(28, 9, 1, 0, NULL, NULL, '2024-08-05 15:35:00'),
(29, 9, 5, 1, 8, '2025-01-23 14:35:00', '2025-01-21 09:00:00'),
(30, 9, 3, 0, NULL, NULL, '2025-01-23 10:00:00'),
(31, 10, 1, 0, NULL, NULL, '2024-08-20 09:05:00'),
(32, 10, 3, 0, NULL, NULL, '2025-01-25 10:00:00'),
(33, 10, 8, 0, NULL, NULL, '2025-01-25 10:05:00'),
(34, 11, 1, 0, NULL, NULL, '2024-09-01 14:25:00'),
(35, 11, 5, 0, NULL, NULL, '2025-01-26 10:00:00'),
(36, 11, 3, 0, NULL, NULL, '2025-01-26 10:05:00'),
(37, 12, 1, 0, NULL, NULL, '2024-09-15 11:15:00'),
(38, 12, 9, 1, 11, '2025-01-27 11:10:00', '2025-01-25 09:00:00'),
(39, 12, 4, 0, NULL, NULL, '2025-01-27 10:00:00'),
(40, 13, 1, 0, NULL, NULL, '2024-10-01 16:05:00'),
(41, 13, 3, 0, NULL, NULL, '2025-01-28 09:00:00'),
(42, 14, 1, 0, NULL, NULL, '2024-10-20 08:50:00'),
(43, 14, 6, 0, NULL, NULL, '2025-01-28 10:00:00'),
(44, 15, 1, 0, NULL, NULL, '2024-11-01 13:35:00'),
(45, 15, 7, 1, 15, '2025-01-28 17:15:00', '2025-01-26 09:00:00'),
(46, 16, 1, 0, NULL, NULL, '2024-11-15 10:05:00'),
(47, 17, 1, 0, NULL, NULL, '2024-12-01 15:50:00'),
(48, 18, 1, 0, NULL, NULL, '2024-12-15 09:25:00'),
(49, 19, 1, 0, NULL, NULL, '2025-01-01 11:05:00'),
(50, 20, 9, 1, 24, '2025-01-10 16:55:00', '2025-01-08 09:00:00');

-- 通知设置表
INSERT INTO notification_settings (user_id, order_status_enabled, delivery_enabled, promotions_enabled, new_products_enabled, system_enabled, in_app_enabled, email_enabled, sms_enabled, created_at, updated_at) VALUES
(2, 1, 1, 1, 1, 1, 1, 1, 0, NOW(), NOW()),
(3, 1, 1, 0, 1, 1, 1, 0, 0, NOW(), NOW()),
(4, 1, 1, 1, 0, 1, 1, 1, 1, NOW(), NOW()),
(5, 1, 1, 1, 1, 1, 1, 0, 0, NOW(), NOW()),
(6, 1, 1, 0, 0, 1, 1, 0, 0, NOW(), NOW()),
(7, 1, 1, 1, 1, 1, 1, 1, 0, NOW(), NOW()),
(8, 1, 1, 1, 1, 1, 1, 0, 0, NOW(), NOW()),
(9, 1, 1, 1, 1, 1, 1, 1, 1, NOW(), NOW()),
(10, 1, 1, 0, 1, 1, 1, 0, 0, NOW(), NOW()),
(11, 1, 1, 1, 1, 1, 1, 1, 0, NOW(), NOW()),
(12, 1, 1, 1, 1, 1, 1, 1, 1, NOW(), NOW()),
(13, 1, 1, 0, 0, 1, 1, 0, 0, NOW(), NOW()),
(14, 1, 1, 0, 1, 1, 1, 0, 0, NOW(), NOW()),
(15, 1, 1, 1, 1, 1, 1, 0, 0, NOW(), NOW());

-- 隐私设置表
INSERT INTO privacy_settings (user_id, profile_visibility, created_at, updated_at) VALUES
(2, 'public', NOW(), NOW()),
(3, 'private', NOW(), NOW()),
(4, 'public', NOW(), NOW()),
(5, 'public', NOW(), NOW()),
(6, 'private', NOW(), NOW()),
(7, 'public', NOW(), NOW()),
(8, 'public', NOW(), NOW()),
(9, 'private', NOW(), NOW()),
(10, 'public', NOW(), NOW()),
(11, 'public', NOW(), NOW()),
(12, 'private', NOW(), NOW()),
(13, 'public', NOW(), NOW()),
(14, 'public', NOW(), NOW()),
(15, 'private', NOW(), NOW());

-- 安全设置表
INSERT INTO security_settings (user_id, password_last_changed, created_at, updated_at) VALUES
(2, '2024-03-15 14:30:00', NOW(), NOW()),
(3, '2024-04-20 09:15:00', NOW(), NOW()),
(4, '2024-05-10 16:45:00', NOW(), NOW()),
(5, '2024-06-01 11:20:00', NOW(), NOW()),
(6, '2024-06-15 08:30:00', NOW(), NOW()),
(7, '2024-07-01 13:00:00', NOW(), NOW()),
(8, '2024-07-20 10:45:00', NOW(), NOW()),
(9, '2024-08-05 15:30:00', NOW(), NOW()),
(10, '2024-08-20 09:00:00', NOW(), NOW()),
(11, '2024-09-01 14:20:00', NOW(), NOW()),
(12, '2024-09-15 11:10:00', NOW(), NOW()),
(13, '2024-10-01 16:00:00', NOW(), NOW()),
(14, '2024-10-20 08:45:00', NOW(), NOW()),
(15, '2024-11-01 13:30:00', NOW(), NOW());

SELECT '数据初始化完成' as result;
